Wall time,Step,Value
1598792856.652898,0,0.8594551086425781
1598792915.63078,1,0.18631434440612793
1598792961.374251,2,0.7388208508491516
1598793015.820716,3,1.336256742477417
1598793066.763334,4,1.4793130159378052
1598793145.840729,5,0.6999654173851013
1598793221.384292,6,0.8254155516624451
1598793310.728827,7,1.0423654317855835
1598793350.505891,8,-1.0436515808105469
1598793404.272612,9,1.5168808698654175
1598793457.750078,10,1.2861818075180054
1598793511.716,11,1.7180510759353638
1598793565.648977,12,0.8689833283424377
1598793618.416081,13,1.497209906578064
1598793663.315505,14,2.309096097946167
1598793710.370721,15,1.3589504957199097
1598793771.004175,16,1.264129400253296
1598793816.74829,17,1.5939444303512573
1598793862.459306,18,2.2181284427642822
1598793889.32568,19,-0.3174312114715576
1598793937.269877,20,1.5983695983886719
1598793997.691688,21,1.5874292850494385
1598794037.491654,22,2.013145685195923
1598794089.625133,23,1.9109739065170288
1598794136.068716,24,1.6131385564804077
1598794189.591355,25,1.4952070713043213
1598794243.801896,26,0.9364000558853149
1598794267.212703,27,2.317161798477173
1598794328.512825,28,1.7449003458023071
1598794388.234686,29,1.289225697517395
1598794449.401629,30,1.8721040487289429
1598794510.356147,31,1.246368169784546
1598794569.489252,32,1.0613418817520142
1598794616.588937,33,1.2494169473648071
1598794654.322844,34,2.298543691635132
1598794700.111238,35,1.5050959587097168
1598794752.811023,36,1.329599380493164
1598794806.944135,37,1.0615506172180176
1598794860.266377,38,1.1926469802856445
1598794918.987281,39,1.4637409448623657
1598794973.821467,40,1.4379905462265015
1598795020.977336,41,1.6905080080032349
1598795067.198452,42,1.9451251029968262
1598795113.610364,43,1.6162735223770142
1598795173.531614,44,1.3523731231689453
1598795226.253875,45,1.989233136177063
1598795278.609543,46,1.7514277696609497
1598795330.953619,47,1.7933622598648071
1598795398.286778,48,0.7336631417274475
1598795445.341386,49,1.5398167371749878
1598795498.719686,50,1.2344920635223389
1598795559.075261,51,1.463778018951416
1598795611.652316,52,1.2599883079528809
1598795658.829903,53,1.788938283920288
1598795705.02957,54,1.6801203489303589
1598795764.774073,55,2.09623646736145
1598795810.763177,56,1.78411865234375
1598795864.051232,57,1.1769745349884033
1598795922.984865,58,1.5937938690185547
1598795961.706526,59,2.080181360244751
1598796019.483988,60,1.7154866456985474
1598796076.662307,61,0.8305073976516724
1598796122.706325,62,1.8323194980621338
1598796167.895319,63,1.5960185527801514
1598796213.561374,64,2.009533166885376
1598796256.128546,65,2.1639795303344727
1598796302.416939,66,1.8488613367080688
1598796349.972809,67,1.289780616760254
1598796396.238654,68,1.2749192714691162
1598796454.727187,69,2.0359439849853516
1598796512.638745,70,1.986689805984497
1598796558.181995,71,1.6869300603866577
1598796597.460176,72,1.6622191667556763
1598796657.636835,73,1.4276349544525146
1598796710.138387,74,1.894052267074585
1598796770.893288,75,0.671015739440918
1598796824.826779,76,1.1834995746612549
1598796886.081197,77,1.5418601036071777
1598796938.670532,78,2.056382894515991
1598796985.170083,79,1.6489640474319458
1598797044.813883,80,1.5157804489135742
1598797097.37048,81,1.8536126613616943
1598797151.958432,82,1.2177340984344482
1598797196.980684,83,2.0505361557006836
1598797244.236524,84,1.752149224281311
1598797290.880325,85,1.5911266803741455
1598797329.935856,86,1.866467833518982
1598797361.21341,87,2.2191102504730225
1598797400.601835,88,1.7385833263397217
1598797464.547213,89,1.600551724433899
1598797503.835697,90,1.9699050188064575
1598797535.179716,91,2.3780219554901123
1598797588.057161,92,1.4023367166519165
1598797635.291193,93,1.9824707508087158
1598797688.745754,94,1.8670881986618042
1598797735.023963,95,2.0677995681762695
1598797793.256638,96,1.266353964805603
1598797840.68991,97,1.8260165452957153
1598797894.333766,98,1.2811681032180786
1598797932.689379,99,1.896963357925415
1598797978.123044,100,2.0346508026123047
1598798016.36741,101,2.166720390319824
1598798068.58993,102,1.9390959739685059
1598798120.911641,103,2.1073408126831055
1598798168.119831,104,1.416138768196106
1598798214.556188,105,2.0871241092681885
1598798269.232788,106,1.1095629930496216
1598798307.299329,107,2.152256727218628
1598798354.066548,108,1.5931000709533691
1598798420.543758,109,1.308300495147705
1598798465.922077,110,2.151076078414917
1598798519.599569,111,1.7188256978988647
1598798565.776561,112,1.866030216217041
1598798617.609971,113,1.4658321142196655
1598798671.631845,114,1.7993850708007812
1598798717.588565,115,1.608529806137085
1598798763.176543,116,2.2753076553344727
1598798793.620354,117,2.1806886196136475
1598798846.743036,118,1.9786362648010254
1598798885.776415,119,2.192570447921753
1598798932.50825,120,1.849449634552002
1598798978.820087,121,1.7644457817077637
1598799024.953426,122,1.6973217725753784
1598799078.308889,123,1.697613000869751
1598799123.997669,124,1.9946943521499634
1598799169.941951,125,1.7813011407852173
1598799208.752852,126,2.2722549438476562
1598799260.986114,127,1.862768530845642
1598799299.041588,128,1.970273494720459
1598799345.108774,129,2.025245428085327
1598799363.562771,130,-0.5
1598799409.985917,131,1.9434458017349243
1598799462.419069,132,1.7473863363265991
1598799508.874083,133,1.9262032508850098
1598799554.484881,134,1.838172197341919
1598799606.652019,135,1.944223403930664
1598799660.540871,136,1.769425392150879
1598799714.107147,137,0.8324441909790039
1598799753.017978,138,1.6779131889343262
1598799805.317993,139,1.8010934591293335
1598799852.628493,140,1.7174698114395142
1598799882.150755,141,2.267113208770752
1598799928.306249,142,1.4321873188018799
1598799966.495036,143,2.176438093185425
1598800005.339895,144,2.0589451789855957
1598800029.206556,145,2.3393824100494385
1598800074.461485,146,1.9054327011108398
1598800119.305727,147,1.9032220840454102
1598800173.072137,148,1.6098227500915527
1598800219.172427,149,1.636297345161438
1598800265.928081,150,1.936837077140808
1598800305.050165,151,2.0140860080718994
1598800351.816566,152,1.6650770902633667
1598800397.916507,153,1.538454532623291
1598800449.87214,154,1.9265304803848267
1598800489.260677,155,2.102851390838623
1598800548.994038,156,1.6575350761413574
1598800595.904342,157,1.9328113794326782
1598800655.149192,158,2.1379151344299316
1598800701.193161,159,1.7789136171340942
1598800747.093001,160,1.8035972118377686
1598800794.004426,161,1.8821358680725098
1598800841.126097,162,1.7655678987503052
1598800893.637449,163,1.1571601629257202
1598800939.992508,164,2.0896589756011963
1598800985.903929,165,1.9128528833389282
1598801031.636869,166,1.8305567502975464
1598801083.303,167,2.001434087753296
1598801129.236648,168,1.9587256908416748
1598801187.525884,169,2.042492151260376
1598801247.147841,170,1.1982431411743164
1598801293.380325,171,1.9729145765304565
1598801331.957897,172,2.1833646297454834
1598801368.758527,173,2.3819758892059326
1598801407.991652,174,2.047977924346924
1598801460.568616,175,2.039943218231201
1598801521.724403,176,2.116231918334961
1598801560.346349,177,2.2556376457214355
1598801608.49112,178,1.6939746141433716
1598801654.25925,179,1.4060641527175903
1598801701.546059,180,1.9222474098205566
1598801741.479516,181,2.238454580307007
1598801788.456651,182,1.6900140047073364
1598801834.534914,183,2.0667061805725098
1598801880.990596,184,1.7264755964279175
1598801928.934783,185,1.862218976020813
1598801975.589843,186,1.9584392309188843
1598802014.167409,187,2.215681791305542
1598802051.10063,188,2.276710033416748
1598802098.645093,189,1.9572125673294067
1598802137.545114,190,2.168710231781006
1598802184.556623,191,1.7413324117660522
1598802237.034868,192,1.677290916442871
1598802283.433807,193,1.496259331703186
1598802322.489148,194,2.1992390155792236
1598802369.088935,195,1.9467499256134033
1598802422.755828,196,1.4452937841415405
1598802469.588484,197,1.93845534324646
1598802516.100052,198,2.1148078441619873
1598802562.499815,199,1.9967714548110962
1598802609.332475,200,2.036947011947632
1598802653.976542,201,2.2757036685943604
1598802677.698923,202,2.4069132804870605
1598802731.9766,203,2.067857265472412
1598802778.232157,204,1.8076831102371216
1598802837.654052,205,2.169607162475586
1598802884.254524,206,1.9492778778076172
1598802936.998295,207,2.271275281906128
1598802982.96525,208,1.5788390636444092
1598802998.7425,209,2.4046268463134766
1598803043.5203,210,2.0907461643218994
1598803089.398409,211,1.5342682600021362
1598803135.942048,212,2.073837995529175
1598803174.52014,213,2.155438184738159
1598803213.131014,214,2.327824115753174
1598803265.208751,215,1.8301069736480713
1598803322.397231,216,0.9464903473854065
1598803373.441968,217,2.039127826690674
1598803420.108252,218,2.285684585571289
1598803451.363639,219,2.2504632472991943
1598803497.574501,220,1.8276499509811401
1598803542.552154,221,2.196367025375366
1598803589.19674,222,1.8361705541610718
1598803634.707693,223,1.7712520360946655
1598803687.04119,224,2.0084609985351562
1598803745.785229,225,1.2691394090652466
1598803790.173658,226,2.140915632247925
1598803828.473611,227,2.0613439083099365
1598803893.607216,228,0.8399174809455872
1598803939.840216,229,1.0814615488052368
1598803992.984345,230,1.669655442237854
1598804039.139867,231,1.852550983428955
1598804091.751274,232,1.959816813468933
1598804151.550991,233,1.6795392036437988
1598804203.784427,234,1.9286258220672607
1598804249.772275,235,1.9381873607635498
1598804288.650878,236,2.176178455352783
1598804319.383778,237,2.2814559936523438
1598804365.817396,238,1.9640101194381714
1598804411.505934,239,1.943301796913147
1598804450.52776,240,2.0735507011413574
1598804497.005503,241,1.0642497539520264
1598804542.891361,242,1.92799711227417
1598804581.961254,243,2.2681868076324463
1598804627.615999,244,1.8199857473373413
1598804674.260913,245,1.85616934299469
1598804720.627498,246,1.1356128454208374
1598804773.360467,247,2.0996251106262207
1598804812.249456,248,2.2719764709472656
1598804858.871245,249,1.8188598155975342
1598804897.1491,250,1.9589686393737793
1598804950.626837,251,1.5124996900558472
1598805003.80404,252,2.061751365661621
1598805019.848543,253,2.398549795150757
1598805066.248425,254,1.995521068572998
1598805117.137525,255,2.2478342056274414
1598805171.214952,256,1.9050376415252686
1598805224.82621,257,2.0262181758880615
1598805271.581555,258,1.747559905052185
1598805318.392022,259,1.9869745969772339
1598805365.458864,260,1.5866725444793701
1598805418.747777,261,2.0280849933624268
1598805457.414536,262,2.1320416927337646
1598805504.180315,263,1.9955018758773804
1598805550.069441,264,2.1672396659851074
1598805570.42444,265,-0.5
1598805616.113438,266,2.1307272911071777
1598805662.846413,267,1.8803209066390991
1598805708.558178,268,1.978879451751709
1598805754.756542,269,1.8853869438171387
1598805793.913052,270,2.0417778491973877
1598805843.812642,271,1.6925886869430542
1598805882.368589,272,2.1227517127990723
1598805943.268557,273,1.7562624216079712
1598805995.56841,274,0.9939191341400146
1598806042.068123,275,2.157193660736084
1598806080.634607,276,1.952112078666687
1598806126.856456,277,1.0720938444137573
1598806165.356512,278,1.0915838479995728
1598806222.325085,279,0.8386254906654358
1598806276.656654,280,1.8134039640426636
1598806316.478622,281,2.32741379737854
1598806369.423099,282,1.7221559286117554
1598806417.400046,283,1.8705743551254272
1598806477.555981,284,1.6279078722000122
1598806516.878361,285,1.0767383575439453
1598806555.733723,286,2.068582773208618
1598806609.200176,287,1.9554131031036377
1598806663.510781,288,1.1312472820281982
1598806710.44452,289,1.8655236959457397
1598806755.766655,290,2.3578808307647705
1598806803.176935,291,1.965619683265686
1598806850.199589,292,2.1485435962677
1598806896.854653,293,1.908172845840454
1598806935.532664,294,2.0273711681365967
1598806989.554726,295,1.9528776407241821
1598807036.254103,296,1.7238013744354248
1598807081.798577,297,2.193471670150757
1598807120.698296,298,2.2387118339538574
1598807176.064992,299,1.7980092763900757
1598807222.976411,300,1.6555238962173462
1598807269.986734,301,1.852266550064087
1598807315.10908,302,2.364037275314331
1598807330.95384,303,2.3885531425476074
1598807384.464102,304,2.046419143676758
1598807435.553056,305,2.1862475872039795
1598807488.186774,306,1.8209667205810547
1598807540.008261,307,1.869538426399231
1598807586.219176,308,1.7953635454177856
1598807631.975192,309,1.8855018615722656
1598807678.219038,310,1.8805787563323975
1598807737.285512,311,1.8828388452529907
1598807783.563152,312,1.7140315771102905
1598807841.452317,313,0.9991326332092285
1598807886.739887,314,1.863234281539917
1598807909.474238,315,2.2303929328918457
1598807948.262562,316,2.1721889972686768
1598807993.418004,317,1.1145610809326172
1598808045.140442,318,1.89543616771698
1598808090.674003,319,2.369922399520874
1598808143.551459,320,1.6936087608337402
1598808188.928855,321,2.2572271823883057
1598808226.40618,322,2.1942825317382812
1598808264.629225,323,1.8242422342300415
1598808317.70662,324,1.8556935787200928
1598808356.11796,325,2.1263844966888428
1598808401.800692,326,1.8296124935150146
1598808439.906421,327,2.1652920246124268
1598808493.006296,328,0.8623310923576355
1598808552.350762,329,1.8296014070510864
1598808567.849884,330,2.4331178665161133
1598808620.494157,331,1.174318552017212
1598808665.916694,332,1.873981237411499
1598808730.04967,333,0.21397970616817474
1598808775.49424,334,1.821549654006958
1598808821.304823,335,1.296926498413086
1598808874.305338,336,0.800047755241394
1598808920.026842,337,2.1416802406311035
1598808965.905245,338,1.9562938213348389
1598809003.871491,339,1.6715030670166016
1598809049.693601,340,0.605453610420227
1598809088.549077,341,2.2697880268096924
1598809134.609058,342,1.931060552597046
1598809186.748666,343,1.2243036031723022
1598809238.603906,344,2.031785726547241
1598809290.681862,345,1.942350149154663
1598809342.437247,346,1.9284794330596924
1598809394.592842,347,2.1645724773406982
1598809440.347679,348,0.8905260562896729
1598809485.936447,349,1.197571039199829
1598809524.325344,350,2.295590877532959
1598809579.292211,351,1.6680357456207275
1598809624.837864,352,1.066125512123108
1598809662.703122,353,2.246962070465088
1598809708.858525,354,2.1832354068756104
1598809761.847287,355,1.7936680316925049
1598809814.724291,356,1.8213216066360474
1598809867.935364,357,1.6339777708053589
1598809913.491316,358,1.9240336418151855
1598809959.535511,359,1.488905906677246
1598810005.201999,360,1.8918592929840088
1598810050.057891,361,2.202984571456909
1598810065.42341,362,2.391298294067383
1598810110.979446,363,2.249854326248169
1598810149.323827,364,2.2491798400878906
1598810208.45674,365,1.1222625970840454
1598810253.690571,366,1.2866913080215454
1598810314.257114,367,1.3747632503509521
1598810352.778423,368,2.2701821327209473
1598810391.289703,369,2.1987290382385254
1598810437.023254,370,1.2232414484024048
1598810481.089035,371,2.1888089179992676
1598810526.833545,372,2.3469226360321045
1598810572.490744,373,1.8858145475387573
1598810625.467337,374,1.6621160507202148
1598810670.389663,375,1.6853848695755005
1598810708.666141,376,1.9815647602081299
1598810767.556286,377,0.7943662405014038
1598810813.366131,378,1.9246796369552612
1598810860.111303,379,1.9257850646972656
1598810921.27769,380,0.877167820930481
1598810967.465816,381,2.2568957805633545
1598811005.599275,382,2.1808719635009766
1598811051.499396,383,2.088958978652954
1598811095.843647,384,2.287728786468506
1598811141.29895,385,2.076251745223999
1598811195.1213,386,1.8318005800247192
1598811233.643141,387,2.180304527282715
1598811287.709691,388,1.6732069253921509
1598811325.476425,389,1.7535418272018433
1598811378.342747,390,1.1936886310577393
1598811423.92021,391,1.744735598564148
1598811470.609307,392,2.016789197921753
1598811516.708755,393,2.0909292697906494
1598811555.008823,394,1.7664366960525513
1598811600.363666,395,1.7445977926254272
1598811646.24219,396,2.0648231506347656
1598811684.730172,397,1.9969353675842285
1598811715.452486,398,2.284950017929077
1598811753.719291,399,1.4767323732376099
1598811799.152751,400,1.1195650100708008
1598811844.385652,401,1.4919822216033936
1598811882.552102,402,2.2274913787841797
1598811934.985616,403,2.1001675128936768
1598811980.90748,404,2.073869228363037
1598812026.696619,405,1.9833112955093384
1598812064.907642,406,2.2728331089019775
1598812110.139633,407,1.4153720140457153
1598812141.062102,408,2.2671661376953125
1598812186.651399,409,1.5131419897079468
1598812224.718345,410,2.244311571121216
1598812270.107939,411,1.9359973669052124
1598812315.707024,412,2.3526976108551025
1598812361.373118,413,2.291346311569214
1598812399.317229,414,2.183293581008911
1598812453.251148,415,1.7992753982543945
1598812506.105696,416,1.8831311464309692
1598812563.683454,417,1.614856481552124
1598812601.627802,418,1.249441385269165
1598812647.550148,419,1.3930904865264893
1598812685.63889,420,2.252941846847534
1598812731.150215,421,1.7274322509765625
1598812777.160817,422,1.7786818742752075
1598812826.538504,423,1.7005666494369507
1598812864.871423,424,2.0461854934692383
1598812910.572204,425,1.8856159448623657
1598812956.438041,426,1.9411557912826538
1598813002.438436,427,2.1032145023345947
1598813040.849536,428,2.356088161468506
1598813097.760463,429,0.761691153049469
1598813136.282016,430,2.1967480182647705
1598813181.960276,431,2.0346736907958984
1598813235.404912,432,1.868858814239502
1598813273.438302,433,2.182145595550537
1598813333.848492,434,1.481608271598816
1598813379.170331,435,1.812937617301941
1598813424.570588,436,1.8941588401794434
1598813455.047853,437,2.1980113983154297
1598813500.692655,438,2.0501036643981934
1598813546.703752,439,2.275045156478882
1598813613.892916,440,0.7316601276397705
1598813666.881786,441,1.7665321826934814
1598813720.102901,442,1.794418454170227
1598813793.569186,443,0.7630201578140259
1598813851.31354,444,1.729886770248413
1598813903.202982,445,1.8620896339416504
1598813949.11326,446,2.0620205402374268
1598813994.991529,447,1.8809305429458618
1598814048.268519,448,1.9953173398971558
1598814093.802377,449,1.8301140069961548
1598814131.968197,450,2.1862881183624268
1598814188.746248,451,1.3319650888442993
1598814235.145914,452,1.9744311571121216
1598814296.090494,453,1.1824288368225098
1598814344.767874,454,1.5918829441070557
1598814383.657043,455,2.2537379264831543
1598814430.1236,456,2.246603012084961
1598814477.745665,457,1.9104608297348022
1598814501.067517,458,2.3850293159484863
1598814547.411633,459,2.1342930793762207
1598814594.023063,460,2.1505062580108643
1598814632.767161,461,2.1157724857330322
1598814672.610858,462,1.9923912286758423
1598814719.477938,463,1.3559566736221313
1598814767.133655,464,2.0425820350646973
1598814813.644379,465,1.5534090995788574
1598814837.877369,466,2.3681411743164062
1598814890.14446,467,2.112637758255005
1598814936.099883,468,2.2317724227905273
1598814996.68865,469,1.8806151151657104
1598815036.255533,470,2.2556991577148438
1598815083.254628,471,1.958600640296936
1598815147.999232,472,0.6946746110916138
1598815194.232351,473,1.7814608812332153
1598815240.621477,474,1.7984739542007446
1598815279.476679,475,1.845585584640503
1598815327.765783,476,2.156700849533081
1598815367.576447,477,2.2902331352233887
1598815406.62102,478,2.239938974380493
1598815445.754148,479,1.9312626123428345
1598815508.008724,480,1.5202049016952515
1598815554.231536,481,2.1188416481018066
1598815600.609058,482,1.967767596244812
1598815647.820917,483,1.9584795236587524
1598815697.36458,484,1.9659979343414307
1598815751.664209,485,2.134387731552124
1598815798.630691,486,0.5332230925559998
1598815828.930414,487,2.3323447704315186
1598815882.808308,488,1.302008867263794
1598815929.485769,489,1.9381539821624756
1598815976.563477,490,2.0693740844726562
1598816036.818674,491,1.813645362854004
1598816082.452826,492,2.2072877883911133
1598816130.285667,493,1.9310311079025269
1598816182.496537,494,1.975488305091858
1598816237.829361,495,0.682498574256897
1598816285.984841,496,2.0673742294311523
1598816340.729145,497,1.789828896522522
1598816388.472947,498,2.032188892364502
1598816435.961806,499,1.8434776067733765
1598816483.517525,500,2.012425184249878
1598816515.69488,501,2.2720162868499756
1598816539.306027,502,2.2875473499298096
1598816555.605955,503,2.3894786834716797
1598816571.361429,504,2.3812711238861084
1598816610.983493,505,2.3249447345733643
1598816642.816726,506,2.2121963500976562
1598816666.972106,507,2.2915353775024414
1598816714.728257,508,2.044654607772827
1598816762.33858,509,2.012296199798584
1598816810.140136,510,2.0559678077697754
1598816850.138349,511,2.3177263736724854
1598816890.260426,512,2.054515838623047
1598816914.282826,513,2.3639965057373047
1598816948.616774,514,2.2609426975250244
1598816964.615988,515,2.377819061279297
1598816998.815749,516,2.252640962600708
1598817041.694181,517,2.2664973735809326
1598817089.704651,518,2.26164174079895
1598817119.69383,519,2.300082206726074
1598817168.638442,520,2.25188946723938
1598817184.537423,521,2.3756520748138428
1598817224.026095,522,2.336031198501587
1598817271.659997,523,2.140066623687744
1598817287.392787,524,2.397744655609131
1598817311.425756,525,2.4006035327911377
1598817335.258971,526,2.3050572872161865
1598817374.548058,527,2.362607479095459
1598817390.359515,528,2.40655779838562
1598817438.281545,529,2.0705628395080566
1598817454.370449,530,2.389998197555542
1598817486.02547,531,2.2765555381774902
1598817517.758958,532,2.2951977252960205
1598817556.981039,533,2.342928647994995
1598817604.247085,534,2.2415378093719482
1598817627.968969,535,2.372861862182617
1598817667.135513,536,2.2899835109710693
1598817714.34715,537,2.1071550846099854
1598817753.725609,538,2.3784825801849365
1598817793.380247,539,2.2388405799865723
1598817816.86862,540,2.241384983062744
1598817832.535983,541,2.3765687942504883
1598817872.024665,542,1.9672396183013916
1598817911.623921,543,2.3839941024780273
1598817927.635359,544,2.3892064094543457
1598817943.512703,545,2.4069905281066895
1598817999.991131,546,2.0239603519439697
1598818045.857456,547,2.375622272491455
1598818091.712693,548,2.247976064682007
1598818121.81286,549,2.2700741291046143
1598818159.468296,550,2.37509822845459
1598818196.823759,551,2.301934242248535
1598818226.992111,552,2.319977283477783
1598818264.589685,553,2.0674326419830322
1598818302.278401,554,2.2526121139526367
1598818317.52336,555,2.4172706604003906
1598818364.939751,556,2.122105360031128
1598818395.08415,557,2.2892513275146484
1598818432.928801,558,2.361368417739868
1598818470.606312,559,2.1508989334106445
1598818501.294736,560,2.3126683235168457
1598818524.116759,561,2.3059399127960205
1598818569.350047,562,2.0238609313964844
1598818606.927647,563,2.329313039779663
1598818637.061992,564,2.275839328765869
1598818675.061384,565,2.2088205814361572
1598818698.005568,566,2.311162233352661
1598818742.983116,567,2.1213855743408203
1598818780.804996,568,2.3196120262145996
1598818818.572116,569,2.0869839191436768
1598818841.171866,570,2.2912375926971436
1598818871.538004,571,2.249403238296509
1598818902.082803,572,2.270843505859375
1598818947.526723,573,2.027132272720337
1598818992.882731,574,2.092372179031372
1598819038.115441,575,2.0907113552093506
1598819075.915078,576,2.219163656234741
1598819106.171405,577,2.2794926166534424
1598819144.07226,578,2.034201145172119
1598819189.325882,579,2.121450662612915
1598819234.737344,580,2.0954198837280273
1598819272.892673,581,2.292907238006592
1598819295.692553,582,2.374229669570923
1598819341.048414,583,2.126467227935791
1598819379.102455,584,2.274230480194092
1598819416.892076,585,2.160486936569214
1598819454.836343,586,2.2973685264587402
1598819470.214056,587,2.3734142780303955
1598819515.581176,588,2.0143771171569824
1598819553.636393,589,1.9161652326583862
1598819568.725085,590,2.4013326168060303
1598819599.236597,591,2.2968523502349854
1598819629.491468,592,2.2846436500549316
1598819667.769174,593,2.2393598556518555
1598819705.613694,594,2.1595895290374756
1598819743.324767,595,2.2248215675354004
1598819758.624486,596,2.4128787517547607
1598819773.769314,597,2.392012357711792
1598819819.302191,598,2.1243066787719727
1598819864.491392,599,2.1821959018707275
1598819910.147,600,2.1904256343841553
1598819948.335208,601,2.2696444988250732
1598819986.412589,602,2.2403366565704346
1598820001.613294,603,2.388829469680786
1598820039.735269,604,2.265674352645874
1598820077.935305,605,2.271472454071045
1598820108.634716,606,2.270393133163452
1598820123.768181,607,2.380798816680908
1598820146.768359,608,2.286076068878174
1598820162.079322,609,2.3750674724578857
1598820185.034455,610,2.393526315689087
1598820215.890459,611,2.2841100692749023
1598820238.701408,612,2.2708349227905273
1598820276.679222,613,2.274855613708496
1598820322.267246,614,2.1298136711120605
1598820337.789984,615,2.4338674545288086
1598820353.545541,616,2.4281201362609863
1598820368.767068,617,2.4116921424865723
1598820406.978245,618,2.261690855026245
1598820452.656417,619,2.2296500205993652
1598820498.05577,620,2.242408514022827
1598820543.788697,621,2.161904811859131
1598820574.600029,622,2.2605395317077637
1598820612.767238,623,2.2852163314819336
1598820658.33307,624,2.103282928466797
1598820696.421984,625,2.0388872623443604
1598820727.111071,626,2.3841400146484375
1598820765.166199,627,2.153698205947876
1598820795.955628,628,2.2702295780181885
1598820834.266537,629,2.1987922191619873
1598820872.255223,630,2.31466007232666
1598820909.987503,631,2.3047218322753906
1598820947.732611,632,1.9731271266937256
1598820963.420912,633,2.4090733528137207
1598821001.487582,634,2.241241693496704
1598821039.310087,635,2.281125068664551
1598821054.84352,636,2.399217128753662
1598821070.020605,637,2.3839523792266846
1598821100.24309,638,2.3850791454315186
1598821145.598742,639,2.089658260345459
1598821183.476294,640,2.3530919551849365
1598821206.309974,641,2.28181791305542
1598821221.731445,642,2.4086287021636963
1598821237.064864,643,2.400843620300293
1598821252.297932,644,2.3741819858551025
1598821290.031218,645,2.2739369869232178
1598821335.431792,646,1.9857876300811768
1598821365.720393,647,2.278759717941284
1598821411.042107,648,2.0673422813415527
1598821449.020369,649,2.274932861328125
1598821479.242253,650,2.3945648670196533
1598821494.297364,651,2.3757076263427734
1598821532.619895,652,2.39799427986145
1598821562.919436,653,2.2993597984313965
1598821585.897393,654,2.3760464191436768
1598821616.198867,655,2.2765865325927734
1598821646.474792,656,2.262805700302124
1598821684.452545,657,2.2533600330352783
1598821699.841795,658,2.4001083374023438
1598821714.996431,659,2.42539644241333
1598821745.308276,660,2.414484977722168
1598821775.82986,661,2.3140370845794678
1598821806.363671,662,2.3158109188079834
1598821851.996934,663,2.082584857940674
1598821867.740757,664,2.411367416381836
1598821913.485383,665,2.1468825340270996
1598821943.807288,666,2.252756357192993
1598821982.207643,667,2.142517328262329
1598821997.651681,668,2.41548490524292
1598822043.38519,669,2.0905778408050537
1598822081.495883,670,2.2714812755584717
1598822127.040085,671,2.1093077659606934
1598822150.039925,672,2.2533116340637207
1598822195.540362,673,2.138249158859253
1598822226.784749,674,2.284029006958008
1598822264.706823,675,2.1932878494262695
1598822280.151863,676,2.41457200050354
1598822318.0399,677,2.130155563354492
1598822356.118702,678,2.273206949234009
1598822386.340009,679,2.3956775665283203
1598822431.928154,680,2.112555980682373
1598822477.584143,681,2.145261526107788
1598822493.083541,682,2.4029181003570557
1598822531.139109,683,2.3339896202087402
1598822546.538791,684,2.382290840148926
1598822576.983786,685,2.279557943344116
1598822615.017063,686,2.093078374862671
1598822630.550384,687,2.41758394241333
1598822645.772422,688,2.404895782470703
1598822676.661284,689,2.2469334602355957
1598822692.093894,690,2.3950881958007812
1598822707.505465,691,2.3707053661346436
1598822722.66018,692,2.389252185821533
1598822737.950007,693,2.364412784576416
1598822760.760566,694,2.2830865383148193
1598822791.383246,695,2.268528461456299
1598822829.69404,696,2.2755355834960938
1598822867.90514,697,2.2811648845672607
1598822898.593358,698,2.29097580909729
1598822914.671546,699,2.3998703956604004
1598822960.682019,700,1.9828851222991943
1598822998.559847,701,2.245413064956665
1598823036.759702,702,1.8830952644348145
1598823082.348976,703,2.1757161617279053
1598823097.670908,704,2.3958475589752197
1598823113.149012,705,2.3612968921661377
1598823158.725767,706,2.077932357788086
1598823174.226406,707,2.3715507984161377
1598823219.770347,708,2.0565333366394043
1598823265.548102,709,2.0675926208496094
1598823311.470219,710,2.0909717082977295
1598823349.670355,711,2.2839999198913574
1598823379.980989,712,2.287336587905884
1598823425.825753,713,2.0926403999328613
1598823456.603077,714,2.275761842727661
1598823494.692097,715,2.3701422214508057
1598823525.302814,716,2.240992784500122
1598823540.492171,717,2.3674142360687256
1598823563.592082,718,2.282627582550049
1598823608.958367,719,2.153993606567383
1598823624.024563,720,2.399851083755493
1598823661.968975,721,2.2852375507354736
1598823692.535929,722,2.2963640689849854
1598823715.39154,723,2.36820912361145
1598823730.490184,724,2.4184181690216064
1598823768.34627,725,2.0901241302490234
1598823798.691228,726,2.2962539196014404
1598823828.879334,727,2.321059465408325
1598823844.002348,728,2.4211225509643555
1598823881.802274,729,2.136033773422241
1598823927.535033,730,2.06968092918396
1598823972.846351,731,2.2556841373443604
1598824018.079458,732,2.1047000885009766
1598824063.568128,733,2.147264003753662
1598824078.867755,734,2.3648438453674316
1598824093.990504,735,2.361294984817505
1598824131.83482,736,2.3108649253845215
1598824169.79029,737,2.299095869064331
1598824185.089553,738,2.3963871002197266
1598824223.245093,739,2.377645969390869
1598824253.389687,740,2.3329572677612305
1598824268.690252,741,2.3622894287109375
1598824313.978517,742,2.128697156906128
1598824344.333498,743,2.242499589920044
1598824359.500591,744,2.418590545654297
1598824397.211326,745,2.2525527477264404
1598824412.33406,746,2.4181764125823975
1598824450.078233,747,2.3128623962402344
1598824487.722081,748,2.291872024536133
1598824533.078129,749,2.100935697555542
1598824548.511141,750,2.3994288444519043
1598824563.644878,751,2.3574602603912354
1598824578.887801,752,2.3678183555603027
1598824594.489325,753,2.419248580932617
1598824609.877717,754,2.4191505908966064
1598824625.055725,755,2.3588552474975586
1598824663.211131,756,2.132277011871338
1598824678.288635,757,2.374466896057129
1598824693.510707,758,2.398589611053467
1598824708.921698,759,2.4177591800689697
1598824724.410906,760,2.4290964603424072
1598824769.510424,761,2.249375104904175
1598824814.654409,762,2.1856424808502197
1598824844.721601,763,2.2881996631622314
1598824860.065718,764,2.387962818145752
1598824875.176849,765,2.4197747707366943
1598824905.610334,766,2.325033187866211
1598824920.909761,767,2.3997106552124023
1598824958.62108,768,2.397749185562134
1598824996.432063,769,2.118569850921631
1598825011.898725,770,2.38700270652771
1598825049.841975,771,2.296715497970581
1598825080.043108,772,2.4039247035980225
1598825117.821093,773,2.2830045223236084
1598825155.309469,774,2.141792058944702
1598825193.642477,775,2.0985307693481445
1598825208.997719,776,2.4035909175872803
1598825246.975586,777,2.017061471939087
1598825277.342592,778,2.3025879859924316
1598825292.3752,779,2.382458448410034
1598825307.475725,780,2.3855643272399902
1598825352.59814,781,2.0569651126861572
1598825382.908637,782,2.265136241912842
1598825398.208819,783,2.3827195167541504
1598825443.674646,784,2.0253915786743164
1598825481.420168,785,2.1356866359710693
1598825526.841074,786,2.1240475177764893
1598825572.641237,787,2.1765406131744385
1598825617.852895,788,2.2749500274658203
1598825648.229771,789,2.3199026584625244
1598825663.985934,790,2.418360948562622
1598825694.129669,791,2.2701973915100098
1598825731.940773,792,2.3784074783325195
1598825762.519109,793,2.231787919998169
1598825793.17385,794,2.248744487762451
1598825808.651756,795,2.4091498851776123
1598825839.496609,796,2.283454418182373
1598825869.662732,797,2.270620822906494
1598825914.90761,798,1.9061659574508667
1598825930.062775,799,2.3506009578704834
1598825975.418426,800,2.1709649562835693
1598826013.062532,801,2.3657913208007812
1598826043.751044,802,2.307494878768921
1598826058.962677,803,2.3791873455047607
1598826089.595373,804,2.283085584640503
1598826120.195751,805,2.327287197113037
1598826150.950398,806,2.3401405811309814
1598826195.228511,807,2.2962255477905273
1598826241.161659,808,2.018153667449951
1598826256.339902,809,2.3880906105041504
1598826294.139719,810,2.0960521697998047
1598826317.206212,811,2.3013415336608887
1598826347.772151,812,2.306823253631592
1598826370.650251,813,2.245654582977295
1598826416.028376,814,2.170206308364868
1598826454.217081,815,2.2990171909332275
1598826499.960788,816,2.1250338554382324
1598826545.4716,817,2.131605386734009
1598826560.672424,818,2.4057412147521973
1598826606.216583,819,2.2724406719207764
1598826629.216562,820,2.283923864364624
1598826674.638333,821,2.1927428245544434
1598826727.493904,822,1.9504443407058716
1598826773.049028,823,2.1713764667510986
1598826795.815901,824,2.262002944946289
1598826810.982216,825,2.392970323562622
1598826826.360588,826,2.3715884685516357
1598826864.548916,827,1.85980224609375
1598826879.893193,828,2.3588688373565674
1598826902.871387,829,2.2547338008880615
1598826932.970639,830,2.2975683212280273
1598826963.337548,831,2.318179130554199
1598826986.359956,832,2.259201765060425
1598827009.015578,833,2.318838119506836
1598827039.303898,834,2.320173740386963
1598827077.270652,835,2.2780444622039795
1598827122.603683,836,2.0344913005828857
1598827145.270312,837,2.2929763793945312
1598827175.803687,838,2.290440797805786
1598827221.236635,839,2.144904375076294
1598827236.703639,840,2.428142786026001
1598827267.15894,841,2.3109567165374756
1598827282.259278,842,2.3857078552246094
1598827320.370148,843,2.28171706199646
1598827335.725298,844,2.3865108489990234
1598827381.380514,845,2.154101848602295
1598827419.247131,846,2.297771453857422
1598827435.225025,847,2.3976125717163086
1598827465.536475,848,2.298464775085449
1598827503.503132,849,2.045344829559326
1598827533.713543,850,2.3162360191345215
1598827564.402069,851,2.269723892211914
1598827594.735488,852,2.3165600299835205
1598827625.14715,853,2.40159010887146
1598827648.046893,854,2.3066840171813965
1598827670.635663,855,2.273406744003296
1598827708.646751,856,2.278688669204712
1598827738.846115,857,2.3187503814697266
1598827784.301897,858,2.1960768699645996
1598827806.968449,859,2.3053202629089355
1598827852.29044,860,1.875868797302246
1598827867.37964,861,2.3849244117736816
1598827905.524135,862,1.8820405006408691
1598827920.679008,863,2.4024529457092285
1598827958.69054,864,2.3690643310546875
1598827974.067995,865,2.4196557998657227
1598827996.856517,866,2.2782509326934814
1598828042.3793,867,2.010958671569824
1598828057.512135,868,2.40409779548645
1598828072.590505,869,2.393838882446289
1598828095.245711,870,2.2707223892211914
1598828110.645364,871,2.4266180992126465
1598828148.745646,872,1.7332561016082764
1598828194.322669,873,1.893182396888733
1598828231.822669,874,2.0371992588043213
1598828246.867323,875,2.414395332336426
1598828292.144812,876,2.174903392791748
1598828322.13342,877,2.313894271850586
1598828337.322776,878,2.4252448081970215
1598828352.67784,879,2.413445472717285
1598828383.000371,880,2.3194985389709473
1598828413.633227,881,2.32334566116333
1598828443.800188,882,2.2900805473327637
1598828481.699675,883,2.10551118850708
1598828527.422198,884,1.9969627857208252
1598828572.632798,885,2.1745357513427734
1598828602.910739,886,2.2884199619293213
1598828648.521538,887,2.137272834777832
1598828693.710606,888,2.1442043781280518
1598828731.487845,889,2.169776201248169
1598828761.698982,890,2.3154916763305664
1598828805.843808,891,2.2825965881347656
1598828828.531825,892,2.2934117317199707
1598828866.498633,893,2.2600820064544678
1598828881.732377,894,2.3977715969085693
1598828912.076779,895,2.2799832820892334
1598828949.676718,896,2.193411350250244
1598828964.698395,897,2.411841869354248
1598828980.065447,898,2.3698558807373047
1598828995.065593,899,2.4022350311279297
1598829010.432256,900,2.374300003051758
1598829025.709597,901,2.4000003337860107
1598829063.264372,902,2.2098543643951416
1598829093.353955,903,2.284230947494507
1598829116.19828,904,2.2634527683258057
1598829138.998385,905,2.276719093322754
1598829177.475501,906,2.1420936584472656
1598829193.020604,907,2.4112839698791504
1598829223.564318,908,2.306746006011963
1598829248.144071,909,2.1736221313476562
1598829263.230902,910,2.3836886882781982
1598829285.91973,911,2.2360808849334717
1598829301.108841,912,2.376779794692993
1598829337.552955,913,2.3099992275238037
1598829367.808574,914,2.3084280490875244
1598829398.263515,915,2.2846615314483643
1598829444.29731,916,1.9312009811401367
1598829459.441452,917,2.4090576171875
1598829489.852933,918,2.2729508876800537
1598829538.374396,919,1.8065381050109863
1598829561.018627,920,2.294630765914917
1598829576.385746,921,2.416857957839966
1598829599.118789,922,2.273465871810913
1598829614.529718,923,2.42769193649292
1598829652.007118,924,2.2096590995788574
1598829674.662943,925,2.2837698459625244
1598829689.941286,926,2.430182695388794
1598829727.68529,927,2.2476489543914795
1598829750.618502,928,2.264039993286133
1598829795.941007,929,2.0886290073394775
1598829825.817273,930,2.238752841949463
1598829848.395795,931,2.2891955375671387
1598829871.273653,932,2.396646499633789
1598829927.017714,933,1.6373859643936157
1598829967.706441,934,1.6986026763916016
1598830005.540182,935,2.2391767501831055
1598830059.53983,936,1.0716906785964966
1598830082.272994,937,2.2532601356506348
1598830111.028869,938,2.247044086456299
1598830134.338661,939,2.262824535369873
1598830156.983696,940,2.2900941371917725
1598830187.305929,941,2.2068569660186768
1598830202.373047,942,2.383877992630005
1598830239.783996,943,2.1077232360839844
1598830270.016982,944,2.3893775939941406
1598830307.583868,945,2.250105619430542
1598830322.617233,946,2.423076629638672
1598830360.394844,947,2.269670248031616
1598830405.772105,948,2.0996298789978027
1598830421.083578,949,2.4078094959259033
1598830451.183035,950,2.311112642288208
1598830489.171773,951,2.3046329021453857
1598830527.127233,952,1.792300820350647
1598830542.261201,953,2.371560573577881
1598830572.761019,954,2.2792398929595947
1598830610.660459,955,2.289740562438965
1598830648.571187,956,2.2985239028930664
1598830663.626924,957,2.3754568099975586
1598830708.571115,958,2.1113638877868652
1598830723.66053,959,2.3729710578918457
1598830738.792992,960,2.3898184299468994
1598830776.604386,961,2.143322229385376
1598830791.66037,962,2.417097568511963
1598830822.237721,963,2.2910046577453613
1598830852.637634,964,2.2717816829681396
1598830898.048798,965,2.1912946701049805
1598830943.34824,966,2.1052849292755127
1598830958.726157,967,2.4019739627838135
1598830973.803585,968,2.37142276763916
1598830989.348467,969,2.401627779006958
1598831020.303487,970,2.2862436771392822
1598831057.881638,971,2.3976032733917236
1598831072.969885,972,2.3822054862976074
1598831095.73691,973,2.195220708847046
1598831111.114583,974,2.4067699909210205
1598831126.169909,975,2.4076597690582275
1598831156.381354,976,2.319532871246338
1598831201.969755,977,2.171844959259033
1598831247.459163,978,2.1850426197052
1598831285.258564,979,2.1071577072143555
1598831308.01389,980,2.2498087882995605
1598831323.414184,981,2.3809428215026855
1598831353.458196,982,2.271226406097412
1598831391.091549,983,2.1711924076080322
1598831421.503124,984,2.2999587059020996
1598831466.92496,985,2.1613218784332275
1598831504.991342,986,2.111539125442505
1598831520.102677,987,2.3964521884918213
1598831550.49095,988,2.2841458320617676
1598831581.035085,989,2.2909467220306396
1598831618.768602,990,2.2701644897460938
1598831634.090992,991,2.399104118347168
1598831649.201562,992,2.382728338241577
1598831679.591271,993,2.2901360988616943
1598831709.80178,994,2.2899258136749268
1598831740.101664,995,2.271502733230591
1598831770.157023,996,2.281825065612793
1598831792.97945,997,2.262381076812744
1598831823.090338,998,2.3798420429229736
1598831846.112596,999,2.2434844970703125
